link,endereco,bairro,descricao,preco,avaliacao,desconto,modalidade,foto,cidade,estado,financiamento
1555528096197,"R JULIO LOBO, N. 173,",APARECIDA,"Casa, 0.00 de área total, 84.00 de área privativa, 812.42 de área do terreno,  4 qto(s), varanda, 1 sala(s), cozinha.",65432.81,125000.0,47.66,Venda Direta Online,,AUTAZES,AM,Não
10222108,"RUA 03, N. 00, ST 05, QD 07",JAIR MENEZES TUPINAM,"Casa, 0.00 de área total, 324.00 de área privativa, 360.00 de área do terreno.",265186.47,438000.0,39.46,Venda Direta Online,,AUTAZES,AM,Não
10147353,"AVENIDA SILVERIO NERY, N. S/N",CENTRO,"Loja, 0.00 de área total, 79.20 de área privativa, 0.00 de área do terreno.",122020.07,365000.0,66.57,Venda Direta Online,,BORBA,AM,Não
8444412162815,"RUA PROJETADA (AV SILVÉRIO NERY), N. SN, LT 03",IPIRANGA,"Casa, 0.00 de área total, 60.00 de área privativa, 126.40 de área do terreno,  2 qto(s), WC, 1 sala(s), cozinha.",45722.39,92000.0,50.31,Venda Direta Online,,BORBA,AM,Não
8444418739278,"RUA PROJETADA A, ESTRADA BORBA/MAPIA, N. 07,",CENTRO,"Casa, 0.00 de área total, 76.00 de área privativa, 125.96 de área do terreno,  2 qto(s), WC, 1 sala(s), cozinha.",63157.61,54500.0,0.0,Leilão SFI - Edital Único,,BORBA,AM,Não
8444406059471,"RUA LUIZ PEDRO FADOUL, N. SN, ANTIGA RUA LO 4",IPIRANGA,"Terreno, 0.00 de área total, 0.00 de área privativa, 405.00 de área do terreno,  2 qto(s), varanda, WC, 1 sala(s), cozinha.",100334.13,83000.0,0.0,Leilão SFI - Edital Único,,BORBA,AM,Não
1444405652839,"RUA LUIZ PEDRO FADOUL - ANTIGA RUA- LO-4, N. 01,",IPIRANGA,"Casa, 0.00 de área total, 405.00 de área privativa, 405.00 de área do terreno,  2 qto(s), varanda, WC, 1 sala(s), cozinha.",176528.11,83000.0,0.0,Leilão SFI - Edital Único,,BORBA,AM,Não
8444408437317,"BECO EDUARDO RIBEIRO, N. SN,",CENTRO,"Casa, 0.00 de área total, 86.00 de área privativa, 117.30 de área do terreno,  1 qto(s), WC, 1 sala(s), cozinha.",47867.71,79000.0,39.41,Licitação Aberta,,COARI,AM,Não
1555526643620,"RUA ALONSO BARBOSA, N. SN, QD 37 LT 03",CENTRO,"Casa, 0.00 de área total, 180.00 de área privativa, 1125.00 de área do terreno,  3 qto(s), varanda, a.serv, WC, 2 sala(s), cozinha, 5 vaga(s) de garagem.",60049.21,154000.0,61.01,Venda Direta Online,,GUAJARA,AM,Não
8787714661736,"RUA DO INGLÊS, N. SN, QD 17 LT 31 ESTRADA CARLOS BRAGA KM 08",EST CARLOS BRAGA,"Casa, 54.09 de área total, 54.09 de área privativa, 200.00 de área do terreno,  2 qto(s), a.serv, WC, 1 sala(s), cozinha.",100483.74,190000.0,47.12,Venda Direta Online,,IRANDUBA,AM,Sim
8787711213570,"RUA LAGO DO GUEDES, N. SN, LT 29 QD 37",LOT NOVA AMAZONAS I,"Casa, 52.30 de área total, 52.30 de área privativa, 200.00 de área do terreno,  2 qto(s), a.serv, WC, 1 sala(s), cozinha.",96000.32,180000.0,46.67,Venda Online,,IRANDUBA,AM,Não
1787701025820,"R. LAGO DO TESTE, N. 14, QD 38 LT 14 RES GOLDEN NOVA AMAZONAS",LOT NOVA AMAZONAS I,"Casa, 52.30 de área total, 52.30 de área privativa, 200.00 de área do terreno,  2 qto(s), a.serv, WC, 1 sala(s), cozinha.",105343.43,196900.0,46.5,Venda Direta Online,,IRANDUBA,AM,Sim
8787711334327,"RUA LAGO DO GUEDES, N. 14, LOTE 14 QUADRA 36",LOT NOVA AMAZONAS I,"Casa, 52.30 de área total, 52.30 de área privativa, 200.00 de área do terreno,  2 qto(s), a.serv, WC, 1 sala(s), cozinha.",107108.11,196900.0,45.61,Venda Direta Online,,IRANDUBA,AM,Sim
8787714315161,"RUA AÇUTUBA, N. SN, LOTE 28 QUADRA 12",LOT NOVA AMAZONAS I,"Casa, 54.09 de área total, 54.09 de área privativa, 200.00 de área do terreno,  2 qto(s), a.serv, WC, 1 sala(s), cozinha.",106225.67,190000.0,44.1,Venda Direta Online,,IRANDUBA,AM,Não
8787715661624,"ESTRADA CARLOS BRAGA KM 8, (RUA UÇUTUBA), N. 45, QD. 43 N. 45",LOT NOVA AMAZONAS I,"Casa, 54.09 de área total, 54.09 de área privativa, 200.00 de área do terreno,  2 qto(s), a.serv, WC, 1 sala(s), cozinha.",84892.14,145000.0,41.46,Venda Direta Online,,IRANDUBA,AM,Não
8787711364374,"ESTRADA CARLOS BRAGA KM 08, N. SN, RUA LAGO DO GUEDES LT 27 D 38",NOVA AMAZONAS I,"Casa, 52.30 de área total, 52.30 de área privativa, 200.00 de área do terreno,  2 qto(s), WC, 1 sala(s), cozinha, 4 vaga(s) de garagem.",106341.1,179450.0,40.75,Venda Direta Online,,IRANDUBA,AM,Não
8787711398864,"ESTRADA CARLOS BRAGA KM 08, N. SN, RUA LAGO DO TESTE  LT 20 QD 40",LOT NOVA AMAZONAS I,"Casa, 52.30 de área total, 52.30 de área privativa, 200.00 de área do terreno,  2 qto(s), a.serv, WC, 1 sala(s), cozinha, 1 vaga(s) de garagem.",97778.11,165000.0,40.75,Venda Direta Online,,IRANDUBA,AM,Não
8787714129759,"RUA ACUTUBA, N. SN, LT 24 QD 12",LOT NOVA AMAZONAS I,"Casa, 0.00 de área total, 54.09 de área privativa, 200.00 de área do terreno.",107852.22,182000.0,40.75,Venda Direta Online,,IRANDUBA,AM,Não
8787714264702,"RUA PARICATUBA, N. SN, LT 22 QD 13 KM 08",LOT NOVA AMAZONAS I,"Casa, 54.09 de área total, 54.09 de área privativa, 200.00 de área do terreno,  2 qto(s), a.serv, WC, 1 sala(s), cozinha.",97185.51,164000.0,40.75,Venda Direta Online,,IRANDUBA,AM,Não
8787714466607,"RUA LAGO DO TESTE, N. SN, QD 37, LT 13",LOT NOVA AMAZONAS I,"Casa, 0.00 de área total, 54.09 de área privativa, 200.00 de área do terreno,  2 qto(s), WC, 1 sala(s).",107852.22,182000.0,40.75,Venda Direta Online,,IRANDUBA,AM,Não
8787714509934,"RUA ACAJATUBA, N. 10, QD 41",KM 08,"Casa, 54.09 de área total, 54.09 de área privativa, 200.00 de área do terreno,  2 qto(s), a.serv, WC, 1 sala(s), cozinha, 1 vaga(s) de garagem.",106667.03,180000.0,40.75,Venda Direta Online,,IRANDUBA,AM,Não
8787716479250,"ESTRADA CARLOS BRAGA, N. SN, QD 42 LT 06 KM 08 RUA PARICATUBA",LOT NOVA AMAZONAS I,"Casa, 0.00 de área total, 54.09 de área privativa, 200.00 de área do terreno.",107852.22,182000.0,40.75,Venda Direta Online,,IRANDUBA,AM,Não
8555529892815,"ESTRADA MANOEL URBANO, N. S/N, Apto 103, BL P",ZONA RURAL,"Apartamento, 59.86 de área total, 59.86 de área privativa, 0.00 de área do terreno,  2 qto(s), WC, 1 sala(s), cozinha.",123965.21,205100.0,39.56,Venda Direta Online,,IRANDUBA,AM,Não
8787711364609,"RUA LAGO DO MUNDO, N. SN, LT 25 QD 35 KM 08",LOT NOVA AMAZONAS I,"Casa, 52.30 de área total, 52.30 de área privativa, 200.00 de área do terreno,  2 qto(s), a.serv, WC, 1 sala(s), cozinha.",111514.29,184500.0,39.56,Venda Direta Online,,IRANDUBA,AM,Não
8787711809589,"RUA LAGO DOS GUEDES, N. 09, QUADRA 35",EST CARLOS BRAGA,"Casa, 52.30 de área total, 52.30 de área privativa, 200.00 de área do terreno,  2 qto(s), WC, 1 sala(s), cozinha.",129404.93,214100.0,39.56,Venda Direta Online,,IRANDUBA,AM,Não
8787714266829,"RUA JANAUARIZINHO, N. SN, LT 25 QD 16 KM 08",LOT NOVA AMAZONAS I,"Casa, 54.09 de área total, 54.09 de área privativa, 200.55 de área do terreno,  2 qto(s), a.serv, WC, 1 sala(s), cozinha.",114838.57,190000.0,39.56,Venda Direta Online,,IRANDUBA,AM,Não
8787714278240,"RUA LAGO DO SANTO ANTONIO, N. SN, LT 12 QD 32",EST CARLOS BRAGA,"Casa, 54.09 de área total, 54.09 de área privativa, 232.79 de área do terreno,  2 qto(s), a.serv, WC, 1 sala(s), cozinha.",117860.63,195000.0,39.56,Venda Direta Online,,IRANDUBA,AM,Não
8787714430149,"RUA ACAJATUBA, N. SN, LT 02 QD 41",LOT NOVA AMAZONAS I,"Casa, 54.09 de área total, 54.09 de área privativa, 200.00 de área do terreno,  2 qto(s), a.serv, WC, 1 sala(s), cozinha.",114838.57,190000.0,39.56,Venda Direta Online,,IRANDUBA,AM,Não
8787714430327,"ESTRADA CARLOS BRAGA, N. SN, RUA AÇUTUBA QD.12 LT26",NOVA AMAZONAS I,"Casa, 0.00 de área total, 54.09 de área privativa, 200.00 de área do terreno.",113629.74,188000.0,39.56,Venda Direta Online,,IRANDUBA,AM,Não
8787714689525,"RUA LAGO DO LESTE, N. SN, LT 09 QD 38 KM 08",LOT NOVA AMAZONAS I,"Casa, 54.09 de área total, 54.09 de área privativa, 200.00 de área do terreno,  2 qto(s), a.serv, WC, 1 sala(s), cozinha.",114838.57,190000.0,39.56,Venda Direta Online,,IRANDUBA,AM,Não
8787714937618,"RUA PARICATUBA, N. SN, QD 13, LT 11",NOVA AMAZONAS I,"Casa, 54.09 de área total, 54.09 de área privativa, 200.00 de área do terreno,  2 qto(s), a.serv, WC, 1 sala(s), cozinha.",114838.57,190000.0,39.56,Venda Direta Online,,IRANDUBA,AM,Não
8787714960385,"RUA PARICATUBA, N. SN, LT 12 QD 42 KM 08",LOT NOVA AMAZONAS I,"Casa, 54.09 de área total, 54.09 de área privativa, 200.00 de área do terreno,  2 qto(s), a.serv, WC, 1 sala(s), cozinha.",114838.57,190000.0,39.56,Venda Direta Online,,IRANDUBA,AM,Não
8787715795710,"RUA PARICATUBA, N. SN, LT 07 QD 42 KM 08",LOT NOVA AMAZONAS I,"Casa, 54.09 de área total, 54.09 de área privativa, 200.00 de área do terreno,  2 qto(s), a.serv, WC, 1 sala(s), cozinha.",113025.32,187000.0,39.56,Venda Direta Online,,IRANDUBA,AM,Não
8787716543234,"RUA ACUTUBA, N. SN, LT 39 QD 43",LOT NOVA AMAZONAS I,"Casa, 54.09 de área total, 54.09 de área privativa, 200.00 de área do terreno,  2 qto(s), a.serv, WC, 1 sala(s), cozinha.",114838.57,190000.0,39.56,Venda Direta Online,,IRANDUBA,AM,Não
8787717670752,"ESTRADA CARLOS BRAGA KM 08, N. SN, RUA PARICATUBA LT 11 QD 42",LOT NOVA AMAZONAS I,"Casa, 54.09 de área total, 54.09 de área privativa, 200.00 de área do terreno,  2 qto(s), a.serv, WC, 1 sala(s), cozinha, 1 vaga(s) de garagem.",113025.32,187000.0,39.56,Venda Direta Online,,IRANDUBA,AM,Não
8787715427788,"RUA PIRACATUBA, N. 35, LT 35 QD 14 ESTRADA CARLOS BRAGA KM 08",PIRACATUBA,"Terreno, 54.09 de área total, 0.00 de área privativa, 200.00 de área do terreno.",113146.21,187200.0,39.56,Venda Direta Online,,IRANDUBA,AM,Não
1444414961296,"RODOVIA MANOEL URBANO AM-070, N. 77, QD 29",GLEBA CACAU PIREIRA,"Terreno, 0.00 de área total, 0.00 de área privativa, 200.00 de área do terreno.",33931.54,56000.0,39.41,Venda Direta Online,,IRANDUBA,AM,Não
1444415385477,"RODOVIA MANOEL URBANO, N. SN, LT 05 QD 45 KM 11",KM 11,"Terreno, 0.00 de área total, 0.00 de área privativa, 200.00 de área do terreno.",40354.3,66600.0,39.41,Venda Direta Online,,IRANDUBA,AM,Não
1444419472110,"RUA SERRA DOS CARAJÁS, N. SN, LT 280 QD 14",RECANTO DA SERRA,"Terreno, 0.00 de área total, 0.00 de área privativa, 1000.00 de área do terreno.",19389.45,32000.0,39.41,Venda Direta Online,,IRANDUBA,AM,Não
1555530084400,"ESTRADA MANOEL URBANO, N. SN, Apto 402, BLOCO G",ZONA RURAL,"Apartamento, 73.62 de área total, 59.86 de área privativa, 0.00 de área do terreno,  3 qto(s), varanda, a.serv, WC, 1 sala(s), cozinha.",103634.02,167800.0,38.24,Licitação Aberta,,IRANDUBA,AM,Não
1787701790283,"RUA ACAJATUBA, N. SN,  ESTRADA CARLOS BRAGA LT 02 QD 37 KM08",LOT NOVA AMAZONAS I,"Casa, 54.09 de área total, 54.09 de área privativa, 200.29 de área do terreno.",106845.56,173000.0,38.24,Licitação Aberta,,IRANDUBA,AM,Não
1787701738150,"RUA PARÍCATUBA, N. 06, LT 06 QD 13",CAREIRO,"Casa, 54.09 de área total, 54.09 de área privativa, 200.00 de área do terreno,  2 qto(s), WC, 1 sala(s).",117702.16,187000.0,37.06,Venda Direta Online,,IRANDUBA,AM,Não
1787702033052,"RUA ACAJATUBA, N. SN, LT 15 QD 41",LOT NOVA AMAZONAS I,"Casa, 54.09 de área total, 54.09 de área privativa, 200.00 de área do terreno,  2 qto(s), a.serv, WC, 1 sala(s), cozinha.",119590.43,190000.0,37.06,Venda Direta Online,,IRANDUBA,AM,Não
1444419181094,"ESTRADA CARLOS BRAGA AM 452, N. SN, QD 28 LT 08 KM 02",RES AMAZONAS,"Comercial, 580.00 de área total, 580.00 de área privativa, 300.00 de área do terreno.",412342.35,647000.0,36.27,Licitação Aberta,,IRANDUBA,AM,Não
8555533151476,"ESTRADA MANOEL URBANO KM 09, N. 8, Apto 303, JSUBCONDOMINIO ORQUIDEA",CENTRO,"Apartamento, 73.62 de área total, 59.86 de área privativa, 0.00 de área do terreno,  2 qto(s), a.serv, WC, 1 sala(s), cozinha, 1 vaga(s) de garagem.",151282.4,151000.0,0.0,Leilão SFI - Edital Único,,IRANDUBA,AM,Não
1444402112442,"RODOVIA AM-010, KM 13",AREA RURAL DE ITACOATIARA,"Casa, 0.00 de área total, 617.57 de área privativa, 20000.00 de área do terreno,  4 qto(s), varanda, WC, 2 sala(s), cozinha.",97186.27,196000.0,50.42,Licitação Aberta,,ITACOATIARA,AM,Não
8555503217517,"AVENIDA PROFESSOR PAULO GRACA, N. 1302, Apto 201, BL 89",LAGO AZUL,"Apartamento, 0.00 de área total, 40.39 de área privativa, 0.00 de área do terreno,  2 qto(s), WC, 1 sala(s).",45789.39,149000.0,69.27,Venda Online,,MANAUS,AM,Não
8555502344205,"AVENIDA PROFESSOR PAULO GRACA, N. 1302, Apto 101, BL 68",LAGO AZUL,"Apartamento, 0.00 de área total, 40.39 de área privativa, 0.00 de área do terreno,  2 qto(s), WC, 1 sala(s), cozinha, 1 vaga(s) de garagem.",51976.03,167000.0,68.88,Venda Direta Online,,MANAUS,AM,Não
8555503751092,"AVENIDA PROFESSOR PAULO GRACA, N. 1302, Apto 203, BL 98",LAGO AZUL,"Apartamento, 0.00 de área total, 40.39 de área privativa, 0.00 de área do terreno,  2 qto(s), WC, 1 sala(s), cozinha.",51935.62,143000.0,63.69,Venda Online,,MANAUS,AM,Não
8555521840042,"AVENIDA PROFESSOR PAULO GRACA, N. 1302, Apto 201, BL 58",LAGO AZUL,"Apartamento, 0.00 de área total, 40.39 de área privativa, 0.00 de área do terreno,  2 qto(s), WC, 1 sala(s), cozinha, 1 vaga(s) de garagem.",59506.66,142000.0,58.1,Venda Direta Online,,MANAUS,AM,Não
8555506233319,"AVENIDA PROFESSOR PAULO GRACA, N. 1302, Apto 101, BL 40",LAGO AZUL,"Apartamento, 0.00 de área total, 40.39 de área privativa, 0.00 de área do terreno,  2 qto(s), WC, 1 sala(s), cozinha.",59918.22,130000.0,53.91,Venda Direta Online,,MANAUS,AM,Não
8555525207913,"AVENIDA PROFESSOR PAULO GRACA, N. 1302, Apto 202, BL 132",LAGO AZUL,"Apartamento, 165.29 de área total, 40.39 de área privativa, 0.00 de área do terreno,  2 qto(s), WC, 1 sala(s), cozinha.",61634.65,133000.0,53.66,Venda Direta Online,,MANAUS,AM,Não
8555502012776,"AVENIDA PROFESSOR PAULO GRACA, N. 1302, Apto 203, BL 44",LAGO AZUL,"Apartamento, 0.00 de área total, 40.39 de área privativa, 0.00 de área do terreno,  2 qto(s), a.serv, WC, 1 sala(s), cozinha.",61057.66,130000.0,53.04,Venda Direta Online,,MANAUS,AM,Não
8555509209672,"AVENIDA PROFESSOR PAULO GRACA, N. 1302, Apto 103, BL 46",LAGO AZUL,"Apartamento, 165.29 de área total, 40.39 de área privativa, 0.00 de área do terreno.",61527.34,131000.0,53.04,Venda Direta Online,,MANAUS,AM,Não
8555503230386,"AVENIDA PROFESSOR PAULO GRACA, N. 1302, Apto 103, BL 17",LAGO AZUL,"Apartamento, 165.29 de área total, 40.39 de área privativa, 0.00 de área do terreno,  2 qto(s), WC, 1 sala(s), cozinha.",71715.3,151000.0,52.51,Venda Direta Online,,MANAUS,AM,Não
8555503775765,"AVENIDA PROFESSOR PAULO GRACA, N. 1302, Apto 203, BL 83",LAGO AZUL,"Apartamento, 165.29 de área total, 40.39 de área privativa, 0.00 de área do terreno,  2 qto(s), WC, 1 sala(s), cozinha.",55949.79,117000.0,52.18,Venda Direta Online,,MANAUS,AM,Não
8555505848565,"AVENIDA PROFESSOR PAULO GRACA, N. 1302, Apto 204, BL 87",LAGO AZUL,"Apartamento, 165.29 de área total, 40.39 de área privativa, 0.00 de área do terreno,  2 qto(s), WC, 1 sala(s), cozinha.",58340.8,122000.0,52.18,Venda Direta Online,,MANAUS,AM,Não
8555500521754,"AVENIDA PROFESSOR PAULO GRACA, N. 1302, Apto 101, BL 21",LAGO AZUL,"Apartamento, 165.29 de área total, 40.39 de área privativa, 0.00 de área do terreno,  2 qto(s), a.serv, WC, 1 sala(s), cozinha, 1 vaga(s) de garagem.",65270.92,135000.0,51.66,Venda Direta Online,,MANAUS,AM,Não
8555512990541,"AVENIDA PROFESSOR PAULO GRACA, N. 1302, Apto 101, BL 20",LAGO AZUL,"Apartamento, 165.29 de área total, 40.39 de área privativa, 0.00 de área do terreno,  2 qto(s), WC, 1 sala(s), cozinha, 1 vaga(s) de garagem.",63820.46,132000.0,51.66,Venda Direta Online,,MANAUS,AM,Não
8555500520340,"AVENIDA PROFESSOR PAULO GRACA, N. 1302, Apto 203, BL 87",LAGO AZUL,"Apartamento, 165.29 de área total, 40.39 de área privativa, 0.00 de área do terreno,  2 qto(s), a.serv, WC, 1 sala(s), cozinha.",58957.02,121000.0,51.28,Venda Direta Online,,MANAUS,AM,Não
8555502996270,"AVENIDA PROFESSOR PAULO GRACA, N. 1302, Apto 204, BL 98",LAGO AZUL,"Apartamento, 0.00 de área total, 40.39 de área privativa, 0.00 de área do terreno,  2 qto(s), WC, 1 sala(s), cozinha.",70402.24,144000.0,51.11,Venda Direta Online,,MANAUS,AM,Não
8555502711046,"AVENIDA PROFESSOR PAULO GRACA, N. 1302, Apto 204, BL 99",LAGO AZUL,"Apartamento, 165.29 de área total, 40.39 de área privativa, 0.00 de área do terreno,  2 qto(s), a.serv, WC, 1 sala(s), cozinha.",55397.11,113000.0,50.98,Venda Direta Online,,MANAUS,AM,Não
8555505776548,"AVENIDA PROFESSOR PAULO GRACA, N. 1302, Apto 203, BL 90",LAGO AZUL,"Apartamento, 0.00 de área total, 40.39 de área privativa, 0.00 de área do terreno,  2 qto(s), a.serv, WC, 1 sala(s), cozinha, 1 vaga(s) de garagem.",60991.41,124000.0,50.82,Venda Direta Online,,MANAUS,AM,Não
8555514229988,"AVENIDA PROFESSOR PAULO GRACA, N. 1302, Apto 202, BL 91",LAGO AZUL,"Apartamento, 0.00 de área total, 40.39 de área privativa, 0.00 de área do terreno.",64994.44,132000.0,50.77,Venda Direta Online,,MANAUS,AM,Não
8555503946659,"AVENIDA PROFESSOR PAULO GRACA, N. 1302, Apto 102, BL 36",LAGO AZUL,"Apartamento, 165.29 de área total, 40.39 de área privativa, 0.00 de área do terreno,  2 qto(s), WC, 1 sala(s), cozinha, 1 vaga(s) de garagem.",64649.29,130000.0,50.27,Venda Direta Online,,MANAUS,AM,Não
8555510102258,"AVENIDA PROFESSOR PAULO GRACA, N. 1302, Apto 201, BL 90",LAGO AZUL,"Apartamento, 165.29 de área total, 40.39 de área privativa, 0.00 de área do terreno,  2 qto(s), WC, 1 sala(s), cozinha.",62660.08,126000.0,50.27,Venda Direta Online,,MANAUS,AM,Não
8555518405683,"AVENIDA PROFESSOR PAULO GRACA, N. 1302, Apto 204, BL112",LAGO AZUL,"Apartamento, 165.29 de área total, 40.39 de área privativa, 0.00 de área do terreno,  2 qto(s), WC, cozinha.",69172.45,139000.0,50.24,Venda Direta Online,,MANAUS,AM,Não
8555500477682,"AVENIDA PROFESSOR PAULO GRACA, N. 1302, Apto 104, BL 75",LAGO AZUL,"Apartamento, 165.29 de área total, 40.39 de área privativa, 0.00 de área do terreno,  2 qto(s), WC, cozinha, 1 vaga(s) de garagem.",57179.99,114000.0,49.85,Venda Direta Online,,MANAUS,AM,Não
8555525672543,"AVENIDA PROFESSOR PAULO GRACA, N. 1302, Apto 202, BL 143",LAGO AZUL,"Apartamento, 165.29 de área total, 40.39 de área privativa, 0.00 de área do terreno,  2 qto(s), WC, 1 sala(s), cozinha.",58684.73,117000.0,49.85,Venda Direta Online,,MANAUS,AM,Não
8555506042211,"AVENIDA PROFESSOR PAULO GRACA, N. 1302, Apto 104, BL 76",LAGO AZUL,"Apartamento, 0.00 de área total, 40.39 de área privativa, 0.00 de área do terreno,  2 qto(s), WC, 1 sala(s), cozinha.",72916.61,145000.0,49.72,Venda Direta Online,,MANAUS,AM,Não
8555523621615,"AVENIDA PROFESSOR PAULO GRACA, N. 1302, Apto 201, BL 114",LAGO AZUL,"Apartamento, 0.00 de área total, 40.39 de área privativa, 0.01 de área do terreno,  2 qto(s), WC, 1 sala(s), cozinha, 1 vaga(s) de garagem.",59045.81,116800.0,49.45,Venda Direta Online,,MANAUS,AM,Não
8555521686698,"AVENIDA PROFESSOR PAULO GRACA, N. 1302, Apto 202, BL 56",LAGO AZUL,"Apartamento, 165.29 de área total, 40.39 de área privativa, 0.00 de área do terreno,  2 qto(s), WC, cozinha.",63864.85,126000.0,49.32,Venda Direta Online,,MANAUS,AM,Não
8555530593494,"AVENIDA PROFESSOR PAULO GRACA, N. 1302, Apto 103, BL 05",LAGO AZUL,"Apartamento, 165.29 de área total, 40.39 de área privativa, 0.00 de área do terreno,  2 qto(s), WC, 1 sala(s), cozinha.",63864.85,126000.0,49.32,Venda Direta Online,,MANAUS,AM,Não
8555532418703,"AVENIDA PROFESSOR PAULO GRACA, N. 1302, Apto 104, BL 34",LAGO AZUL,"Apartamento, 165.29 de área total, 40.39 de área privativa, 0.00 de área do terreno,  2 qto(s), WC, 1 sala(s), cozinha.",64371.72,127000.0,49.32,Venda Direta Online,,MANAUS,AM,Não
8444406755842,"RUA CASTANHO, N. 2, ETAPA I",SAO JOSE OPERARIO,"Casa, 0.00 de área total, 257.66 de área privativa, 190.00 de área do terreno, 1 vaga(s) de garagem.",106046.52,207000.0,48.77,Venda Direta Online,,MANAUS,AM,Não
1555519822190,"RUA DOM BÔSCO, N. 35, LTE 35 - QD 48",TANCREDO NEVES,"Terreno, 0.00 de área total, 0.00 de área privativa, 203.18 de área do terreno, 1 vaga(s) de garagem.",79858.07,152000.0,47.47,Venda Direta Online,,MANAUS,AM,Não
8787706589894,"AVENIDA  DO TURISMO, N. 14164, Apto 403, BL 22",TARUMA,"Apartamento, 123.98 de área total, 41.46 de área privativa, 0.00 de área do terreno,  2 qto(s), WC, 1 sala(s), cozinha.",94933.65,178000.0,46.67,Venda Online,,MANAUS,AM,Sim
8444406593435,"AVENIDA NHAMUNDA, N. 143,",PRACA 14 DE JANEIRO,"Casa, 107.92 de área total, 107.92 de área privativa, 177.44 de área do terreno,  2 qto(s), a.serv, WC, WC Emp, 1 sala(s), cozinha.",126930.36,234000.0,45.76,Venda Direta Online,,MANAUS,AM,Não
8555502785198,"AVENIDA PROFESSOR PAULO GRACA, N. 1302, Apto 204, BL 62",LAGO AZUL,"Apartamento, 165.29 de área total, 40.39 de área privativa, 0.00 de área do terreno,  2 qto(s), WC, 1 sala(s), cozinha.",66982.28,123000.0,45.55,Venda Direta Online,,MANAUS,AM,Não
8555503079475,"AVENIDA PROFESSOR PAULO GRACA, N. 1302, Apto 104, BL 87",LAGO AZUL,"Apartamento, 0.00 de área total, 40.39 de área privativa, 0.00 de área do terreno,  2 qto(s), WC, 1 sala(s).",72090.54,131000.0,44.97,Venda Direta Online,,MANAUS,AM,Não
8555508054268,"AVENIDA PROFESSOR PAULO GRACA, N. 1302, Apto 201, BL 46",LAGO AZUL,"Apartamento, 165.29 de área total, 40.39 de área privativa, 0.00 de área do terreno,  2 qto(s), WC, 1 sala(s), cozinha.",74291.77,135000.0,44.97,Venda Direta Online,,MANAUS,AM,Não
8555522043227,"AVENIDA PROFESSOR PAULO GRACA, N. 1302, Apto 202, BL 55",LAGO AZUL,"Apartamento, 165.29 de área total, 40.39 de área privativa, 0.00 de área do terreno,  2 qto(s), WC, 1 sala(s), cozinha, 1 vaga(s) de garagem.",70989.91,129000.0,44.97,Venda Direta Online,,MANAUS,AM,Não
8555510231988,"AVENIDA PROFESSOR PAULO GRACA, N. 1302, Apto 201, BL 108",LAGO AZUL,"Apartamento, 165.29 de área total, 40.39 de área privativa, 0.00 de área do terreno,  2 qto(s), WC, 1 sala(s), cozinha, 1 vaga(s) de garagem.",81057.35,142000.0,42.92,Venda Direta Online,,MANAUS,AM,Não
8555508329941,"AVENIDA PROFESSOR PAULO GRACA, N. 1302, Apto 104, BL 43",LAGO AZUL,"Apartamento, 177.79 de área total, 40.39 de área privativa, 0.00 de área do terreno,  2 qto(s), WC, 1 sala(s), cozinha.",63999.72,112000.0,42.86,Venda Direta Online,,MANAUS,AM,Não
8555511704839,"AVENIDA PROFESSOR PAULO GRACA, N. 1302, Apto 202, BL 103",LAGO AZUL,"Apartamento, 165.29 de área total, 40.39 de área privativa, 0.00 de área do terreno,  2 qto(s), WC, 1 sala(s), cozinha.",68214.74,119000.0,42.68,Venda Direta Online,,MANAUS,AM,Não
8555504310081,"AVENIDA PROFESSOR PAULO GRACA, N. 1302, Apto 203, BL 25",LAGO AZUL,"Apartamento, 165.29 de área total, 40.39 de área privativa, 0.00 de área do terreno,  2 qto(s), WC, 1 sala(s), cozinha, 1 vaga(s) de garagem.",78201.87,135000.0,42.08,Venda Direta Online,,MANAUS,AM,Não
8555525404557,"AVENIDA PROFESSOR PAULO GRACA, N. 1302, Apto 202, BL 120",LAGO AZUL,"Apartamento, 165.29 de área total, 40.39 de área privativa, 0.00 de área do terreno,  2 qto(s), WC, 1 sala(s), cozinha.",77622.6,134000.0,42.08,Venda Direta Online,,MANAUS,AM,Não
8555526879222,"AVENIDA PROFESSOR PAULO GRACA, N. 1302, Apto 104, BL 84",LAGO AZUL,"Apartamento, 165.29 de área total, 40.39 de área privativa, 0.00 de área do terreno,  2 qto(s), WC, 1 sala(s), cozinha.",77622.6,134000.0,42.08,Venda Direta Online,,MANAUS,AM,Não
8444400909309,"RUA ANIBAL MELO, N. 245, Apto 303, BL A1 PAV 03",PETROPOLIS,"Apartamento, 61.53 de área total, 43.53 de área privativa, 0.00 de área do terreno,  1 qto(s), WC, 1 sala(s), cozinha, 1 vaga(s) de garagem.",81192.88,140000.0,42.01,Venda Direta Online,,MANAUS,AM,Não
8555500477755,"AVENIDA PROFESSOR PAULO GRACA, N. 1302, Apto 104, BL 45",LAGO AZUL,"Apartamento, 165.29 de área total, 40.39 de área privativa, 0.00 de área do terreno,  2 qto(s), WC, 1 sala(s), cozinha.",86063.06,147000.0,41.46,Venda Direta Online,,MANAUS,AM,Não
8555502800421,"AVENIDA PROFESSOR PAULO GRACA, N. 1302, Apto 102, BL 108",LAGO AZUL,"Apartamento, 165.29 de área total, 40.39 de área privativa, 0.00 de área do terreno,  2 qto(s), WC, 1 sala(s), cozinha.",83135.75,142000.0,41.46,Licitação Aberta,,MANAUS,AM,Não
8555504023040,"AVENIDA PROFESSOR PAULO GRACA, N. 1302, Apto 203, BL 38",LAGO AZUL,"Apartamento, 165.29 de área total, 40.39 de área privativa, 0.00 de área do terreno,  2 qto(s), WC, 1 sala(s), cozinha.",89575.84,153000.0,41.46,Venda Online,,MANAUS,AM,Não
8555535633303,"AVENIDA COMENDADOR JOSE CRUZ, N. 653, Apto 103, BL 21",LAGO AZUL,"Apartamento, 76.00 de área total, 42.43 de área privativa, 0.00 de área do terreno,  2 qto(s), WC, 1 sala(s), cozinha.",85477.6,146000.0,41.46,Licitação Aberta,,MANAUS,AM,Não
8787710255636,"AVENIDA COMENDADOR JOSE CRUZ, N. 1081, Apto 202, BL 09",LAGO AZUL,"Apartamento, 90.75 de área total, 41.36 de área privativa, 0.00 de área do terreno,  2 qto(s), WC, 1 sala(s), cozinha, 1 vaga(s) de garagem.",81964.82,140000.0,41.46,Licitação Aberta,,MANAUS,AM,Não
8787710298696,"AVENIDA COMENDADOR JOSE CRUZ, N. 1081, Apto 510, BLOCO 07",LAGO AZUL,"Apartamento, 90.76 de área total, 41.37 de área privativa, 0.00 de área do terreno,  2 qto(s), a.serv, WC, 1 sala(s), cozinha.",88990.38,152000.0,41.46,Licitação Aberta,,MANAUS,AM,Não
8787711103317,"AVENIDA COMENDADOR JOSE CRUZ, N. 1081, Apto 511, BL 05",LAGO AZUL,"Apartamento, 90.76 de área total, 41.36 de área privativa, 0.00 de área do terreno,  2 qto(s), WC, 1 sala(s), cozinha.",88990.38,152000.0,41.46,Licitação Aberta,,MANAUS,AM,Não
8787712049030,"AVENIDA DAS TORRES, N. 8.292, Apto 407,  04° PAVIMENTO BL 04",LAGO AZUL,"Apartamento, 83.36 de área total, 41.57 de área privativa, 0.00 de área do terreno,  2 qto(s), WC, 1 sala(s), cozinha.",87819.45,150000.0,41.46,Licitação Aberta,,MANAUS,AM,Não
8787713249734,"AVENIDA DAS TORRES, N. 8292, Apto 112, BL 02  UNIDADE TIPO PCD",LAGO AZUL,"Apartamento, 83.36 de área total, 41.57 de área privativa, 0.00 de área do terreno,  1 qto(s), a.serv, WC, 2 sala(s), cozinha.",87233.99,149000.0,41.46,Licitação Aberta,,MANAUS,AM,Não
8444406988782,"RUA FRANCISCO ALVES, N. 19,",TANCREDO NEVES,"Casa, 283.26 de área total, 44.04 de área privativa, 168.79 de área do terreno,  3 qto(s), WC, 1 sala(s), cozinha.",143841.83,244000.0,41.05,Venda Direta Online,,MANAUS,AM,Não
8444400208734,"RUA PRAIA DE CANOA QUEBRADA, N. 262, Apto 402, BL 13B",TARUMA,"Apartamento, 116.26 de área total, 42.84 de área privativa, 0.00 de área do terreno,  2 qto(s), WC, 1 sala(s), cozinha, 1 vaga(s) de garagem.",93629.95,158000.0,40.75,Licitação Aberta,,MANAUS,AM,Não
8787705059204,"AVENIDA DO TURISMO, N. 14164, Apto 504, BL 06",TARUMA,"Apartamento, 123.98 de área total, 41.46 de área privativa, 0.00 de área do terreno,  2 qto(s), a.serv, WC, 1 sala(s), cozinha.",104296.65,176000.0,40.75,Venda Direta Online,,MANAUS,AM,Não
8787706161487,"AVENIDA DO TURISMO, N. 14164, Apto 104, BL 10",TARUMA,"Apartamento, 123.98 de área total, 41.46 de área privativa, 0.00 de área do terreno,  2 qto(s), WC.",101926.27,172000.0,40.75,Venda Direta Online,,MANAUS,AM,Não
8787707429130,"AVENIDA DO TURISMO, N. 14164, Apto 203, BL 24",TARUMA,"Apartamento, 123.98 de área total, 41.46 de área privativa, 0.00 de área do terreno,  2 qto(s), a.serv, WC, 1 sala(s), cozinha.",107852.22,182000.0,40.75,Licitação Aberta,,MANAUS,AM,Não
8787707975674,"AVENIDA DO TURISMO, N. 14164, Apto 504, BLOCO 24",TARUMA,"Apartamento, 123.98 de área total, 41.46 de área privativa, 0.00 de área do terreno,  2 qto(s), a.serv, WC, 1 sala(s), cozinha.",102518.87,173000.0,40.75,Licitação Aberta,,MANAUS,AM,Não
8787711024905,"AVENIDA DO TURISMO, N. 13830, Apto 404, BL 07",TARUMA,"Apartamento, 76.06 de área total, 41.12 de área privativa, 0.00 de área do terreno,  2 qto(s), a.serv, WC, cozinha.",100741.08,170000.0,40.75,Licitação Aberta,,MANAUS,AM,Não
8787711983627,"AVENIDA DO TURISMO, N. 13830, Apto 401, BLOCO 23",TARUMA,"Apartamento, 76.06 de área total, 41.12 de área privativa, 0.00 de área do terreno,  2 qto(s), a.serv, WC, 1 sala(s), cozinha.",100741.08,170000.0,40.75,Licitação Aberta,,MANAUS,AM,Não
8787701782343,"AVENIDA TORQUATO TAPAJOS, N. 7080, Apto 502, TORRE 34 KM 11,6",COLONIA TERRA NOVA,"Apartamento, 83.86 de área total, 41.46 de área privativa, 0.00 de área do terreno,  2 qto(s), a.serv, WC, 1 sala(s), cozinha.",106667.03,180000.0,40.75,Licitação Aberta,,MANAUS,AM,Não
8787705719158,"AVENIDA TORQUATO TAPAJOS, N. 7080, Apto 403, TORRE 24",COLONIA TERRA NOVA,"Apartamento, 83.86 de área total, 41.46 de área privativa, 0.00 de área do terreno,  2 qto(s), WC, 1 sala(s), cozinha.",107259.62,181000.0,40.75,Licitação Aberta,,MANAUS,AM,Não
8787707527531,"AVENIDA TORQUATO TAPAJOS, N. 7080, Apto 503,  5º PAVIMENTO TR 04",COLONIA TERRA NOVA,"Apartamento, 83.86 de área total, 41.46 de área privativa, 0.00 de área do terreno,  2 qto(s), a.serv, WC, 1 sala(s), cozinha.",104296.65,176000.0,40.75,Licitação Aberta,,MANAUS,AM,Não
8555506830104,"RUA NOSSA SENHORA DE FATIMA, N. 950, Apto 104, BL 13",SANTA ETELVINA,"Apartamento, 43.95 de área total, 43.95 de área privativa, 0.00 de área do terreno,  2 qto(s), a.serv, WC, 1 sala(s), cozinha, 1 vaga(s) de garagem.",93629.95,158000.0,40.75,Licitação Aberta,,MANAUS,AM,Não
8555522313941,"RUA MUTUM DO NORTE, N. 35, Apto 403, COND 04 BL 08",TARUMA-ACU,"Apartamento, 123.86 de área total, 42.02 de área privativa, 0.00 de área do terreno,  2 qto(s), a.serv, WC, 1 sala(s), cozinha, 1 vaga(s) de garagem.",94222.54,159000.0,40.75,Venda Direta Online,,MANAUS,AM,Não
8555522712234,"RUA DOS TIGRES, N. 2, Apto 202, BL 04",TARUMA-ACU,"Apartamento, 102.46 de área total, 41.86 de área privativa, 0.00 de área do terreno,  2 qto(s), a.serv, WC, 1 sala(s), cozinha, 1 vaga(s) de garagem.",99555.89,168000.0,40.75,Venda Direta Online,,MANAUS,AM,Não
8555525020740,"RUA MUTUM DO NORTE, N. 35, Apto 302, BL 32",TARUMA-ACU,"Apartamento, 0.00 de área total, 42.02 de área privativa, 0.00 de área do terreno,  2 qto(s), WC, 1 sala(s), cozinha, 1 vaga(s) de garagem.",95407.73,161000.0,40.75,Venda Direta Online,,MANAUS,AM,Não
8555527518320,"AVENIDA TORQUATO TAPAJOS, N. 11675, Apto 303, BL 07",TARUMA-ACU,"Apartamento, 97.38 de área total, 42.02 de área privativa, 0.00 de área do terreno,  2 qto(s), WC, 1 sala(s), cozinha, 1 vaga(s) de garagem.",106074.43,179000.0,40.75,Venda Direta Online,,MANAUS,AM,Não
8555529726893,"AVENIDA TORQUATO TAPAJOS, N. 11675, Apto 103, BL 13",TARUMA-ACU,"Apartamento, 109.88 de área total, 42.02 de área privativa, 0.00 de área do terreno,  2 qto(s), a.serv, WC, 1 sala(s), cozinha, 1 vaga(s) de garagem.",94815.14,160000.0,40.75,Venda Direta Online,,MANAUS,AM,Não
8555530805874,"RUA DOS TIGRES, N. 02, Apto 302, BL 23",TARUMA-ACU,"Apartamento, 102.46 de área total, 41.86 de área privativa, 0.00 de área do terreno,  2 qto(s), a.serv, WC, 1 sala(s), cozinha, 1 vaga(s) de garagem.",93629.95,158000.0,40.75,Venda Online,,MANAUS,AM,Não
8555500570380,"AVENIDA PROFESSOR PAULO GRACA, N. 1302, Apto 202, BL 73",LAGO AZUL,"Apartamento, 165.29 de área total, 40.39 de área privativa, 0.00 de área do terreno,  2 qto(s), WC, 1 sala(s), cozinha.",96592.92,163000.0,40.75,Venda Direta Online,,MANAUS,AM,Não
8555508407810,"AVENIDA PROFESSOR PAULO GRACA, N. 1302, Apto 101, BL 41",LAGO AZUL,"Apartamento, 165.29 de área total, 40.39 de área privativa, 0.00 de área do terreno,  2 qto(s), WC, 1 sala(s), cozinha.",97185.51,164000.0,40.75,Venda Direta Online,,MANAUS,AM,Não
8555524295703,"AVENIDA COMENDADOR JOSE CRUZ, N. 580, Apto 103, BL 32",LAGO AZUL,"Apartamento, 61.17 de área total, 42.43 de área privativa, 0.00 de área do terreno,  2 qto(s), WC, 1 sala(s), cozinha, 1 vaga(s) de garagem.",93629.95,158000.0,40.75,Venda Direta Online,,MANAUS,AM,Não
8555534391411,"AVENIDA COMENDADOR JOSE CRUZ, N. 653, Apto 401, BLOCO 06",LAGO AZUL,"Apartamento, 0.00 de área total, 42.43 de área privativa, 0.00 de área do terreno,  2 qto(s), a.serv, WC, 1 sala(s), cozinha, 1 vaga(s) de garagem.",94815.14,160000.0,40.75,Licitação Aberta,,MANAUS,AM,Não
8787707368980,"AVENIDA JOSE NAPOLES HITOTUZI, N. 131, Apto 501, BL 07",LAGO AZUL,"Apartamento, 84.13 de área total, 41.51 de área privativa, 0.00 de área do terreno,  2 qto(s), WC, cozinha.",96592.92,163000.0,40.75,Licitação Aberta,,MANAUS,AM,Não
8787707495109,"AVENIDA JOSE NAPOLES HITOTUZI, N. 131, Apto 401, BL 02",LAGO AZUL,"Apartamento, 84.13 de área total, 41.51 de área privativa, 0.00 de área do terreno,  2 qto(s), WC, cozinha.",97185.51,164000.0,40.75,Licitação Aberta,,MANAUS,AM,Não
8787710994196,"AVENIDA DAS TORRES, N. 8120, Apto 408, BL 03",LAGO AZUL,"Apartamento, 41.51 de área total, 41.51 de área privativa, 0.00 de área do terreno,  2 qto(s), a.serv, WC, 1 sala(s), cozinha.",107852.22,182000.0,40.75,Licitação Aberta,,MANAUS,AM,Não
8787712251980,"AVENIDA DAS TORRES, N. 8292, Apto 401, BL 05",LAGO AZUL,"Apartamento, 0.00 de área total, 41.57 de área privativa, 0.00 de área do terreno,  2 qto(s), WC, 1 sala(s), cozinha.",103704.06,175000.0,40.75,Venda Direta Online,,MANAUS,AM,Não
8787712862769,"AV COMENDADOR JOSE CRUZ, N. 1081, Apto 101, BL 06",LAGO AZUL,"Apartamento, 91.20 de área total, 41.57 de área privativa, 0.00 de área do terreno,  1 qto(s), WC, 1 sala(s), cozinha.",93037.35,157000.0,40.75,Venda Direta Online,,MANAUS,AM,Não
8787713646253,"AVENIDA DAS TORRES, N. 8292, Apto 208, 2° PAVIMENTO BL 07",LAGO AZUL,"Apartamento, 82.95 de área total, 41.36 de área privativa, 0.00 de área do terreno,  2 qto(s), WC, 2 sala(s), cozinha.",97185.51,164000.0,40.75,Licitação Aberta,,MANAUS,AM,Não
8787715365944,"RUA DONA DEBLA HENRIQUES, N. 244, Apto 312, BL 01",LAGO AZUL,"Apartamento, 82.13 de área total, 41.57 de área privativa, 0.00 de área do terreno,  2 qto(s), a.serv, WC, 1 sala(s), cozinha.",103111.46,174000.0,40.75,Venda Direta Online,,MANAUS,AM,Não
1787701110614,"AVENIDA DAS TORRES, N. 8120, Apto 304, BLOCO 04",LAGO AZUL,"Apartamento, 0.00 de área total, 41.37 de área privativa, 0.00 de área do terreno,  2 qto(s), WC, 1 sala(s), cozinha.",80973.91,134000.0,39.58,Licitação Aberta,,MANAUS,AM,Não
8444414466358,"RUA PRAIA DE CANOA QUEBRADA, N. 420, Apto 302, BL 15",TARUMA,"Apartamento, 122.92 de área total, 45.89 de área privativa, 0.00 de área do terreno,  2 qto(s), a.serv, WC, 1 sala(s), cozinha, 1 vaga(s) de garagem.",114234.15,189000.0,39.56,Venda Direta Online,,MANAUS,AM,Não
8787704717739,"AVENIDA DO TURISMO, N. 14244, Apto 202, BL 04",TARUMA,"Apartamento, 112.51 de área total, 41.46 de área privativa, 0.00 de área do terreno,  2 qto(s), a.serv, WC, 1 sala(s), cozinha.",111212.08,184000.0,39.56,Licitação Aberta,,MANAUS,AM,Não
8787710423245,"TRAVESSA NORDESTINA, N. 89, Apto 302, BLOCO 15",LIRIO DO VALE,"Apartamento, 122.06 de área total, 41.69 de área privativa, 0.00 de área do terreno,  2 qto(s), a.serv, WC, 1 sala(s), cozinha, 1 vaga(s) de garagem.",113629.74,188000.0,39.56,Licitação Aberta,,MANAUS,AM,Não
8787710588716,"TRAVESSA NORDESTINA, N. 89, Apto 01, BLOCO 10",LIRIO DO VALE,"Apartamento, 122.06 de área total, 41.69 de área privativa, 0.00 de área do terreno,  2 qto(s), WC, 1 sala(s), cozinha, 1 vaga(s) de garagem.",120882.7,200000.0,39.56,Licitação Aberta,,MANAUS,AM,Não
8787710856206,"TRAVESSA NORDESTINA, N. 89, Apto 101, BLOCO 17",LIRIO DO VALE,"Apartamento, 0.00 de área total, 41.69 de área privativa, 0.00 de área do terreno,  2 qto(s), WC, 1 sala(s), cozinha.",111816.5,185000.0,39.56,Licitação Aberta,,MANAUS,AM,Não
8787711074651,"TRAVESSA NORDESTINA, N. 89, Apto 203, BL 02 02 PAV",LIRIO DO VALE,"Apartamento, 109.56 de área total, 41.69 de área privativa, 0.00 de área do terreno,  2 qto(s), WC, 1 sala(s), cozinha, 1 vaga(s) de garagem.",127531.25,211000.0,39.56,Licitação Aberta,,MANAUS,AM,Não
8787702754815,"AVENIDA TORQUATO TAPAJOS, N. 7080, Apto 504, TORRE 45 KM 11,6",COLONIA TERRA NOVA,"Apartamento, 83.86 de área total, 42.40 de área privativa, 0.00 de área do terreno,  2 qto(s), a.serv, WC, 1 sala(s), cozinha.",133575.38,221000.0,39.56,Licitação Aberta,,MANAUS,AM,Não
8787702946870,"AVENIDA TORQUATO TAPAJOS, N. 7080, Apto 103, TORRE 28",COLONIA TERRA NOVA,"Apartamento, 101.81 de área total, 57.81 de área privativa, 0.00 de área do terreno,  2 qto(s), a.serv, WC, 1 sala(s), cozinha, 1 vaga(s) de garagem.",142037.17,235000.0,39.56,Venda Direta Online,,MANAUS,AM,Não
8787705215907,"AVENIDA TORQUATO TAPAJOS, N. 7080, Apto 401, TORRE 10",COLONIA TERRA NOVA,"Apartamento, 83.86 de área total, 41.46 de área privativa, 0.00 de área do terreno,  2 qto(s), WC, 1 sala(s), cozinha.",131762.14,218000.0,39.56,Licitação Aberta,,MANAUS,AM,Não
8787708398700,"AVENIDA JOSE MOACIR TEBERGA DE TOLEDO, N. 1622, Apto 301, BL 07",PLANALTO,"Apartamento, 49.86 de área total, 38.40 de área privativa, 0.00 de área do terreno,  2 qto(s), WC, cozinha, 1 vaga(s) de garagem.",121487.11,201000.0,39.56,Licitação Aberta,,MANAUS,AM,Não
8787710095000,"AVENIDA JOSE MOACIR TEBERGA DE TOLEDO, N. 1564, Apto 204, BLOCO 06 VG 55",PLANALTO,"Apartamento, 65.24 de área total, 38.40 de área privativa, 0.00 de área do terreno,  2 qto(s), a.serv, WC, 1 sala(s), cozinha, 1 vaga(s) de garagem.",140828.35,233000.0,39.56,Licitação Aberta,,MANAUS,AM,Não
8787711501045,"RUA JEQUIE, N. 865, Apto 404, BL 09",PLANALTO,"Apartamento, 60.70 de área total, 38.40 de área privativa, 0.00 de área do terreno,  2 qto(s), varanda, a.serv, WC, 1 sala(s), cozinha, 1 vaga(s) de garagem.",135388.62,224000.0,39.56,Licitação Aberta,,MANAUS,AM,Não
8787711502580,"RUA JEQUIE, N. 865, Apto 503, BL 08",PLANALTO,"Apartamento, 59.18 de área total, 38.40 de área privativa, 0.00 de área do terreno,  2 qto(s), WC, 1 sala(s), cozinha.",111816.5,185000.0,39.56,Licitação Aberta,,MANAUS,AM,Não
8787711587799,"RUA JEQUIE, N. 865, Apto 202, BL 06",PLANALTO,"Apartamento, 60.70 de área total, 38.40 de área privativa, 0.00 de área do terreno,  2 qto(s), varanda, WC, 1 sala(s), cozinha, 1 vaga(s) de garagem.",124509.18,206000.0,39.56,Licitação Aberta,,MANAUS,AM,Não
8555519335816,"RUA MUTUM DO NORTE, N. 35, Apto 301, BL 20",TARUMA-ACU,"Apartamento, 142.86 de área total, 49.82 de área privativa, 0.00 de área do terreno,  2 qto(s), a.serv, WC, 1 sala(s), cozinha, 1 vaga(s) de garagem.",117860.63,195000.0,39.56,Venda Direta Online,,MANAUS,AM,Não
8555522385594,"RUA MUTUM DO NORTE, N. 35, Apto 304, BL 07",TARUMA-ACU,"Apartamento, 142.86 de área total, 49.82 de área privativa, 0.00 de área do terreno,  2 qto(s), WC, 1 sala(s), cozinha, 1 vaga(s) de garagem.",117860.63,195000.0,39.56,Venda Direta Online,,MANAUS,AM,Não
8555525879776,"RUA MUTUM DO NORTE, N. 35, Apto 304, BL 05",TARUMA-ACU,"Apartamento, 142.86 de área total, 49.82 de área privativa, 0.00 de área do terreno,  2 qto(s), WC, 2 sala(s), cozinha, 1 vaga(s) de garagem.",117860.63,195000.0,39.56,Venda Direta Online,,MANAUS,AM,Não
8787712172169,"AVENIDA DAS TORRES, N. 8292, Apto 409, BL 03 4° PAVIMENTO",LAGO AZUL,"Apartamento, 82.96 de área total, 41.37 de área privativa, 0.00 de área do terreno,  2 qto(s), a.serv, WC, 1 sala(s), cozinha.",111212.08,184000.0,39.56,Licitação Aberta,,MANAUS,AM,Não
8787713641774,"AVENIDA DAS TORRES, N. 8280, Apto 306, BL 01 PAV 03",LAGO AZUL,"Apartamento, 82.96 de área total, 41.37 de área privativa, 0.00 de área do terreno,  2 qto(s), a.serv, WC, 1 sala(s), cozinha.",112420.91,186000.0,39.56,Venda Direta Online,,MANAUS,AM,Não
8787716328317,"RUA DONA DEBLA HENRIQUES, N. 244, Apto 109, BL 01",LAGO AZUL,"Apartamento, 100.49 de área total, 55.88 de área privativa, 0.00 de área do terreno,  2 qto(s), WC, 1 sala(s), cozinha.",119069.46,197000.0,39.56,Venda Direta Online,,MANAUS,AM,Não
8787716515745,"RUA DONA DEBLA HENRIQUES, N. 244, Apto 405, BL 08",LAGO AZUL,"Apartamento, 81.72 de área total, 41.36 de área privativa, 0.00 de área do terreno,  2 qto(s), a.serv, WC, 1 sala(s), cozinha.",119673.87,198000.0,39.56,Venda Online,,MANAUS,AM,Não
8787718893232,"RUA DONA DEBLA HENRIQUES, N. 244, Apto 106, BL 05",LAGO AZUL,"Apartamento, 102.97 de área total, 57.67 de área privativa, 0.00 de área do terreno,  2 qto(s), WC, 1 sala(s), cozinha.",121487.11,201000.0,39.56,Venda Direta Online,,MANAUS,AM,Não
8555528396466,"AVENIDA DONA OTILIA, N. 606, Apto 204, BL 24",TARUMA,"Apartamento, 103.73 de área total, 52.45 de área privativa, 0.00 de área do terreno,  2 qto(s), WC, 1 sala(s), cozinha, 1 vaga(s) de garagem.",164709.91,269000.0,38.77,Venda Direta Online,,MANAUS,AM,Sim
8787708398760,"AVENIDA JOSE MOACIR TEBERGA DE TOLEDO, N. 1622, Apto 303, BLOCO 06",PLANALTO,"Apartamento, 49.92 de área total, 38.40 de área privativa, 0.00 de área do terreno, 1 vaga(s) de garagem.",175486.47,286600.0,38.77,Licitação Aberta,,MANAUS,AM,Não
1444413083350,"RUA PRAIA CANOA QUEBRADA, N. 262, Apto 403, BL 15 ENTRADA B",TARUMA,"Apartamento, 0.00 de área total, 42.84 de área privativa, 0.00 de área do terreno,  2 qto(s), WC, 1 sala(s), cozinha, 1 vaga(s) de garagem.",96346.29,156000.0,38.24,Venda Direta Online,,MANAUS,AM,Não
1555505316778,"RUA PRAIA DE CANOA QUEBRADA, N. 262, Apto 102, BL15 ENTRADA A",TARUMA,"Apartamento, 116.26 de área total, 42.84 de área privativa, 0.00 de área do terreno,  2 qto(s), WC, 1 sala(s), cozinha, 1 vaga(s) de garagem.",96346.29,156000.0,38.24,Venda Direta Online,,MANAUS,AM,Não
1444407929200,"RUA AREALVA, N. 23, LOTE 20 QUADRA I34",CIDADE NOVA,"Casa, 55.53 de área total, 55.53 de área privativa, 200.00 de área do terreno,  2 qto(s), varanda, WC, 2 sala(s), cozinha, 1 vaga(s) de garagem.",110551.19,179000.0,38.24,Licitação Aberta,,MANAUS,AM,Não
8444420897128,"RUA BENVENUTO CELLINI (ANTIGA RUA CINCO), N. 307, BL 153",RAIZ,"Casa, 37.00 de área total, 37.00 de área privativa, 98.00 de área do terreno.",108080.77,175000.0,38.24,Licitação Aberta,,MANAUS,AM,Não
1787701080928,"TRAVESSA NORDESTINA, N. 89, Apto 04, BL 07",LIRIO DO VALE,"Apartamento, 0.00 de área total, 41.69 de área privativa, 0.00 de área do terreno,  2 qto(s), a.serv, WC, 1 sala(s), cozinha, 1 vaga(s) de garagem.",113021.61,183000.0,38.24,Licitação Aberta,,MANAUS,AM,Não
8787704410820,"RUA SICILIA, N. 240, Apto 404, QUADRA 25 BLOCO 13",PLANALTO,"Apartamento, 59.57 de área total, 38.40 de área privativa, 0.00 de área do terreno,  2 qto(s), WC, 1 sala(s), cozinha, 1 vaga(s) de garagem.",103139.93,167000.0,38.24,Licitação Aberta,,MANAUS,AM,Não
8555535888956,"RUA MUTUM DO NORTE, N. 35, Apto 103, BL 16",TARUMA-ACU,"Apartamento, 123.86 de área total, 42.02 de área privativa, 0.00 de área do terreno,  2 qto(s), a.serv, WC, 1 sala(s), 1 vaga(s) de garagem.",109315.98,177000.0,38.24,Venda Direta Online,,MANAUS,AM,Não
1555533489673,"AVENIDA COMENDADOR JOSE CRUZ, N. 165, Apto 406, BL  09  4° PAVIMENTO",LAGO AZUL,"Apartamento, 63.29 de área total, 44.42 de área privativa, 0.00 de área do terreno,  2 qto(s), WC, 1 sala(s), cozinha.",101904.73,165000.0,38.24,Licitação Aberta,,MANAUS,AM,Não
1787700825326,"AVENIDA COMENDADOR JOSE CRUZ, N. 1081, Apto 510, BL 10",LAGO AZUL,"Apartamento, 90.76 de área total, 41.37 de área privativa, 0.00 de área do terreno,  2 qto(s), WC, 1 sala(s), cozinha.",112404.0,182000.0,38.24,Venda Direta Online,,MANAUS,AM,Não
1444418236537,"AVENIDA EQUADOR, N. 275, LOT NÚCLEO RES INTEGRADO PONTA NEGRA",PONTA NEGRA,"Terreno, 0.00 de área total, 0.00 de área privativa, 600.00 de área do terreno.",305910.86,494500.0,38.14,Venda Direta Online,,MANAUS,AM,Sim
1555532688206,"RUA JOSE ROMAO, N. 479, Apto 702, TORRE 01",SAO JOSE OPERARIO,"Apartamento, 249.36 de área total, 131.58 de área privativa, 0.00 de área do terreno,  3 qto(s), a.serv, WC, WC Emp, 1 lavabo(s), cozinha, 2 vaga(s) de garagem.",526310.07,847000.0,37.87,Venda Online,,MANAUS,AM,Não
1444413622080,"RUA VISCONDE DE SUASSUNA - RUA INTERNA 02, N. SN, LT 25 QD B",FLORES,"Terreno, 0.00 de área total, 0.00 de área privativa, 250.00 de área do terreno.",268436.78,432000.0,37.87,Venda Direta Online,,MANAUS,AM,Sim
1002020002094,"RUA H, N. 29, LT 29 QD 23 NUCLEO II",PONTA NEGRA,"Casa, 0.00 de área total, 340.40 de área privativa, 600.00 de área do terreno,  4 qto(s), varanda, a.serv, WC, WC Emp, 2 sala(s), 1 lavabo(s), DCE, cozinha, 1 vaga(s) de garagem.",1178139.21,1896000.0,37.87,Venda Direta Online,,MANAUS,AM,Sim
8787704319229,"AVENIDA DO TURISMO, N. 14244, Apto 304, BLOCO 16",TARUMA,"Apartamento, 112.51 de área total, 41.46 de área privativa, 0.00 de área do terreno,  2 qto(s), WC, 1 sala(s), cozinha, 1 vaga(s) de garagem.",106648.18,171000.0,37.64,Leilão SFI - Edital Único,,MANAUS,AM,Não
8555537568908,"AVENIDA TORQUATO TAPAJOS, N. 6930, Apto 202, TIPO V TORRE 21 2 PAV",COLONIA TERRA NOVA,"Apartamento, 70.15 de área total, 60.49 de área privativa, 0.00 de área do terreno,  2 qto(s), a.serv, WC, 1 sala(s), cozinha.",136584.86,217000.0,37.06,Venda Direta Online,,MANAUS,AM,Não
8787701964522,"AVENIDA TORQUATO TAPAJOS, N. 7080, Apto 302, 3° PAVIMENTO TORRE 35",COLONIA TERRA NOVA,"Apartamento, 83.86 de área total, 41.46 de área privativa, 0.00 de área do terreno,  2 qto(s), a.serv, WC, 1 sala(s), cozinha.",134696.59,214000.0,37.06,Licitação Aberta,,MANAUS,AM,Não
8787705209559,"AVENIDA TORQUATO TAPAJOS, N. 7080, Apto 204, TORRE 01 KM 11,6",COLONIA TERRA NOVA,"Apartamento, 83.86 de área total, 41.46 de área privativa, 0.00 de área do terreno,  2 qto(s), a.serv, WC, 1 sala(s), cozinha.",116443.31,185000.0,37.06,Licitação Aberta,,MANAUS,AM,Não
1555523556556,"RUA MUTUM DO NORTE, N. 36, Apto 304, BL  27",TARUMA-ACU,"Apartamento, 123.17 de área total, 49.60 de área privativa, 0.00 de área do terreno,  2 qto(s), a.serv, WC, 1 sala(s), cozinha, 1 vaga(s) de garagem.",130290.62,207000.0,37.06,Licitação Aberta,,MANAUS,AM,Não
1555524309714,"AVENIDA TORQUATO TAPAJOS, N. 11675, Apto 401, BL 18",TARUMA-ACU,"Apartamento, 126.62 de área total, 49.82 de área privativa, 0.00 de área do terreno,  2 qto(s), WC, 1 sala(s), cozinha, 1 vaga(s) de garagem.",134067.16,213000.0,37.06,Venda Direta Online,,MANAUS,AM,Não
1555527269527,"RUA DOS TIGRES, N. 02, Apto 204, BL 06",TARUMA-ACU,"Apartamento, 0.00 de área total, 49.60 de área privativa, 0.00 de área do terreno,  2 qto(s), a.serv, WC, 1 sala(s), cozinha, 1 vaga(s) de garagem.",115813.89,184000.0,37.06,Venda Direta Online,,MANAUS,AM,Não
1555530072909,"RUA MUTUM DO NORTE, N. 35, Apto 301, BL 02",TARUMA-ACU,"Apartamento, 142.86 de área total, 49.82 de área privativa, 0.00 de área do terreno,  2 qto(s), a.serv, WC, 1 sala(s), cozinha, 1 vaga(s) de garagem.",122737.54,195000.0,37.06,Venda Direta Online,,MANAUS,AM,Não
1787701126294,"AVENIDA COMENDADOR JOSE CRUZ, N. 1081, Apto 208, BL 4",LAGO AZUL,"Apartamento, 90.75 de área total, 41.36 de área privativa, 0.00 de área do terreno,  2 qto(s), a.serv, WC, 1 sala(s), cozinha.",118331.58,188000.0,37.06,Venda Direta Online,,MANAUS,AM,Não
1787700661390,"RUA RAUL PAVON, N. SN, Apto 601, TORRE 01",GILBERTO MESTRINHO,"Apartamento, 75.81 de área total, 43.58 de área privativa, 0.00 de área do terreno,  2 qto(s), WC, cozinha, 1 vaga(s) de garagem.",129031.78,205000.0,37.06,Licitação Aberta,,MANAUS,AM,Não
1555525984423,"AVENIDA DONA OTILIA, N. 606, Apto 401, BL 07",TARUMA,"Apartamento, 103.73 de área total, 52.45 de área privativa, 0.00 de área do terreno,  2 qto(s), varanda, a.serv, WC, 1 sala(s), cozinha, 1 vaga(s) de garagem.",168250.98,264000.0,36.27,Venda Direta Online,,MANAUS,AM,Sim
1787700577268,"RUA PADRE MONTEIRO DE NORONHA, N. 381, Apto 502, BL 02",CIDADE NOVA,"Apartamento, 100.57 de área total, 45.20 de área privativa, 0.00 de área do terreno,  2 qto(s), WC, 1 sala(s), cozinha.",160603.2,252000.0,36.27,Licitação Aberta,,MANAUS,AM,Não
1555504850452,"AVENIDA CORONEL TEIXEIRA, N. 8197, Apto 904, BL 01",NOVA ESPERANCA,"Apartamento, 137.05 de área total, 112.05 de área privativa, 0.00 de área do terreno,  3 qto(s), a.serv, WC, 1 sala(s), 1 lavabo(s), cozinha.",474161.84,744000.0,36.27,Licitação Aberta,,MANAUS,AM,Sim
1444401888412,"AVENIDA DO TURISMO, N. SN, QD E LT 02",PONTA NEGRA,"Terreno, 0.00 de área total, 0.00 de área privativa, 794.40 de área do terreno.",382770.97,600600.0,36.27,Venda Direta Online,,MANAUS,AM,Sim
1787701417736,"RUA WALDIR NORMANDO, N. 170, Apto 105, TR 02 BOX 82",PLANALTO,"Apartamento, 101.61 de área total, 51.26 de área privativa, 0.00 de área do terreno,  2 qto(s), a.serv, WC, 1 sala(s), cozinha, 1 vaga(s) de garagem.",195018.18,306000.0,36.27,Licitação Aberta,,MANAUS,AM,Não
8555525378505,"AVENIDA COMENDADOR JOSE CRUZ, N. 386, Apto 201, BL 16",LAGO AZUL,"Apartamento, 70.53 de área total, 60.80 de área privativa, 0.00 de área do terreno,  3 qto(s), WC, 1 sala(s), cozinha, 1 vaga(s) de garagem.",155504.69,244000.0,36.27,Venda Direta Online,,MANAUS,AM,Não
8444406639311,"RUA FILODENDRO, N. 482, ANTIGA RUA LAÇO DE AMOR, Nº 65B, LT 11",JORGE TEIXEIRA,"Casa, 0.00 de área total, 0.00 de área privativa, 250.69 de área do terreno.",60885.93,94200.0,35.37,Venda Direta Online,,MANAUS,AM,Não
8787707684483,"AVENIDA SENADOR RAIMUNDO PARENTE, N. 417, Apto 201, BL 9",ALVORADA,"Apartamento, 89.21 de área total, 41.12 de área privativa, 0.00 de área do terreno,  2 qto(s), WC, cozinha, 1 vaga(s) de garagem.",213000.0,213000.0,0.0,Leilão SFI - Edital Único,,MANAUS,AM,Não
1444416801334,"AVENIDA COSME FERREIRA, N. 2214, Apto 204, BL C CD ARBORETTO",COROADO,"Apartamento, 0.00 de área total, 73.27 de área privativa, 0.00 de área do terreno,  2 qto(s), varanda, a.serv, WC, 1 sala(s), cozinha, 1 vaga(s) de garagem.",370000.0,370000.0,0.0,Leilão SFI - Edital Único,,MANAUS,AM,Não
1787701252648,"AVENIDA DO TURISMO, N. 13830, Apto 504, BL 07",TARUMA,"Apartamento, 76.06 de área total, 41.12 de área privativa, 0.00 de área do terreno,  2 qto(s), WC, 1 sala(s), cozinha, 1 vaga(s) de garagem.",176000.0,176000.0,0.0,Leilão SFI - Edital Único,,MANAUS,AM,Não
1787702019530,"AVENIDA DO TURISMO, N. 13830, Apto 404, BL.16",TARUMA,"Apartamento, 0.00 de área total, 41.12 de área privativa, 0.00 de área do terreno,  2 qto(s), a.serv, WC, 1 sala(s), cozinha.",191000.0,191000.0,0.0,Leilão SFI - Edital Único,,MANAUS,AM,Não
8787706238528,"AVENIDA DO TURISMO, N. 14164, Apto 102, BL 17",TARUMA,"Apartamento, 123.98 de área total, 41.46 de área privativa, 0.00 de área do terreno,  2 qto(s), a.serv, WC, 1 sala(s), cozinha.",186000.0,186000.0,0.0,Leilão SFI - Edital Único,,MANAUS,AM,Não
8787707005551,"AVENIDA DO TURISMO, N. 13830, Apto 203, BL 05",TARUMA,"Apartamento, 76.06 de área total, 41.12 de área privativa, 0.00 de área do terreno,  2 qto(s), a.serv, WC, 1 sala(s), cozinha, 1 vaga(s) de garagem.",176000.0,176000.0,0.0,Leilão SFI - Edital Único,,MANAUS,AM,Não
8787711042598,"AVENIDA DO TURISMO, N. 13830, Apto 402, BL 06",TARUMA,"Apartamento, 76.06 de área total, 41.12 de área privativa, 0.00 de área do terreno,  2 qto(s), a.serv, WC, 1 sala(s), cozinha, 1 vaga(s) de garagem.",172000.0,172000.0,0.0,Leilão SFI - Edital Único,,MANAUS,AM,Não
8787711068252,"AVENIDA DO TURISMO, N. 13830, Apto 302, BL 25",TARUMA,"Apartamento, 76.06 de área total, 41.12 de área privativa, 0.00 de área do terreno,  2 qto(s), a.serv, 1 sala(s), 1 lavabo(s), cozinha.",168000.0,168000.0,0.0,Leilão SFI - Edital Único,,MANAUS,AM,Não
8555501004400,"AVENIDA NOEL NUTELSDE 0653/0654 A 1000/, N. 51, LT 02 QD C17",CIDADE NOVA,"Casa, 0.00 de área total, 49.56 de área privativa, 170.00 de área do terreno,  2 qto(s), WC, 1 sala(s), cozinha.",193000.0,193000.0,0.0,Leilão SFI - Edital Único,,MANAUS,AM,Não
1787703429936,"AVENIDA SAO JORGE, N. 529, Apto 203, T6 ROYALE SUBCOND C PLACE DE LA CONCOR",SAO JORGE,"Apartamento, 223.57 de área total, 96.97 de área privativa, 0.00 de área do terreno,  3 qto(s), varanda, a.serv, WC, WC Emp, 1 sala(s), 1 lavabo(s), DCE, cozinha, 2 vaga(s) de garagem.",997000.0,997000.0,0.0,Leilão SFI - Edital Único,,MANAUS,AM,Não
1787701959075,"AVENIDA SENADOR RAIMUNDO PARENTE, N. 789, Apto 508, VG 14",DA PAZ,"Apartamento, 92.36 de área total, 51.20 de área privativa, 0.00 de área do terreno,  2 qto(s), a.serv, WC, 1 sala(s), cozinha, 1 vaga(s) de garagem.",292000.0,292000.0,0.0,Leilão SFI - Edital Único,,MANAUS,AM,Não
8787715939142,"AVENIDA FREDERICO BAIRD, N. 2880, Apto 408, PAV 4 BL 7",PONTA NEGRA,"Apartamento, 101.79 de área total, 41.51 de área privativa, 0.00 de área do terreno,  1 qto(s), a.serv, WC, 1 sala(s), cozinha.",217000.0,217000.0,0.0,Leilão SFI - Edital Único,,MANAUS,AM,Não
1787701409733,"RUA WALDIR NORMANDO, N. 170, Apto 708, TORRE 01",PLANALTO,"Apartamento, 101.61 de área total, 51.26 de área privativa, 0.00 de área do terreno,  2 qto(s), varanda, WC, 1 sala(s), cozinha, 1 vaga(s) de garagem.",321000.0,321000.0,0.0,Leilão SFI - Edital Único,,MANAUS,AM,Não
8787710714134,"AVENIDA JOSE MOACIR TEBERGA DE TOLEDO, N. 1564, Apto 403, 1º PAV BL 04",PLANALTO,"Apartamento, 66.40 de área total, 43.14 de área privativa, 0.00 de área do terreno,  2 qto(s), WC, 1 sala(s), cozinha, 1 vaga(s) de garagem.",241000.0,241000.0,0.0,Leilão SFI - Edital Único,,MANAUS,AM,Não
8555503747397,"AVENIDA PROFESSOR PAULO GRAÇA, N. 1302, Apto 104, BL134",LAGO AZUL,"Apartamento, 165.29 de área total, 40.39 de área privativa, 0.00 de área do terreno,  2 qto(s), WC, 1 sala(s), cozinha.",124000.0,124000.0,0.0,Leilão SFI - Edital Único,,MANAUS,AM,Não
8787710504865,"AVENIDA COMENDADOR JOSE CRUZ, N. 1081, Apto 503,  5º PAV BL 07 LT 09",LAGO AZUL,"Apartamento, 90.76 de área total, 41.37 de área privativa, 0.00 de área do terreno,  2 qto(s), a.serv, WC, 1 sala(s), cozinha.",180000.0,180000.0,0.0,Leilão SFI - Edital Único,,MANAUS,AM,Não
8787713934712,"AVENIDA DAS TORRES, N. 8292, Apto AP 30, BL 2",LAGO AZUL,"Apartamento, 83.36 de área total, 41.57 de área privativa, 0.00 de área do terreno,  2 qto(s), WC, 1 sala(s), cozinha.",174000.0,174000.0,0.0,Leilão SFI - Edital Único,,MANAUS,AM,Não
8787715245337,"RUA DONA DEBLA HENRIQUES, N. 244, Apto 304, BL 02 LT REM1",LAGO AZUL,"Apartamento, 81.73 de área total, 41.37 de área privativa, 0.00 de área do terreno,  2 qto(s), a.serv, WC, 1 sala(s), cozinha.",173000.0,173000.0,0.0,Leilão SFI - Edital Único,,MANAUS,AM,Não
8787720451144,"RUA DONA DEBLA HENRIQUES, N. 244, Apto 101, BL 08 LT REM1",LAGO AZUL,"Apartamento, 102.97 de área total, 57.67 de área privativa, 0.00 de área do terreno,  1 qto(s), a.serv, WC, 1 sala(s), cozinha.",231000.0,231000.0,0.0,Leilão SFI - Edital Único,,MANAUS,AM,Não
1787700743761,"RUA RAUL PAVON, N. SN, Apto 603, TORRE 05",GILBERTO MESTRINHO,"Apartamento, 75.81 de área total, 43.58 de área privativa, 0.00 de área do terreno,  2 qto(s), WC, 1 sala(s), cozinha, 1 vaga(s) de garagem.",236000.0,236000.0,0.0,Leilão SFI - Edital Único,,MANAUS,AM,Não
1444402193116,"RUA DUARTE DA COSTA, N. 434,",DOM PEDRO I,"Casa, 61.00 de área total, 61.00 de área privativa, 300.00 de área do terreno,  2 qto(s), a.serv, WC, 1 sala(s), cozinha.",399000.0,390000.0,0.0,Leilão SFI - Edital Único,,MANAUS,AM,Não
8787704198375,"AVENIDA TORQUATO TAPAJOS, N. 7080, Apto 504, 5º PAVIMENTO TORRE 23",COLONIA TERRA NOVA,"Apartamento, 83.86 de área total, 57.81 de área privativa, 0.00 de área do terreno,  2 qto(s), a.serv, WC, 1 sala(s), cozinha, 1 vaga(s) de garagem.",188247.47,180000.0,0.0,Leilão SFI - Edital Único,,MANAUS,AM,Não
8787708366000,"RUA RAUL PAVON, N. SN, Apto 207, TORRE 06",GILBERTO MESTRINHO,"Apartamento, 75.81 de área total, 43.58 de área privativa, 0.00 de área do terreno,  2 qto(s), varanda, WC, 1 sala(s), cozinha, 1 vaga(s) de garagem.",221503.69,191000.0,0.0,Leilão SFI - Edital Único,,MANAUS,AM,Não
8787715447037,"AVENIDA DO TURISMO, N. 13830, Apto 302, BL 22",TARUMA,"Apartamento, 76.06 de área total, 41.12 de área privativa, 0.00 de área do terreno,  2 qto(s), a.serv, WC, 1 sala(s), cozinha.",177747.84,153000.0,0.0,Leilão SFI - Edital Único,,MANAUS,AM,Não
8555529734632,"AVENIDA TORQUATO TAPAJOS, N. 11675, Apto 202, BL 07",TARUMA-ACU,"Apartamento, 0.00 de área total, 42.02 de área privativa, 0.00 de área do terreno,  2 qto(s), a.serv, WC, 1 sala(s), cozinha, 1 vaga(s) de garagem.",214000.0,179000.0,0.0,Leilão SFI - Edital Único,,MANAUS,AM,Não
8787713536610,"AVENIDA FREDERICO BAIRD, N. 2880, Apto 305, BL 04",PONTA NEGRA,"Apartamento, 101.79 de área total, 41.51 de área privativa, 0.00 de área do terreno,  1 qto(s), WC, 1 sala(s), cozinha.",228000.0,187000.0,0.0,Leilão SFI - Edital Único,,MANAUS,AM,Não
1444401910191,"RUA INCONFIDENCIA, N. 14, TP 2",PONTA NEGRA,"Casa, 0.00 de área total, 51.00 de área privativa, 300.00 de área do terreno,  2 qto(s), WC, 1 sala(s), cozinha.",446130.89,202000.0,0.0,Leilão SFI - Edital Único,,MANAUS,AM,Não
8555524483224,"RUA ARTUR REIS, N. 141,",SANTO ANTONIO,"Casa, 123.47 de área total, 123.47 de área privativa, 300.00 de área do terreno,  3 qto(s), a.serv, WC, WC Emp, 1 sala(s), DCE, cozinha, 1 vaga(s) de garagem.",607494.31,260000.0,0.0,Leilão SFI - Edital Único,,MANAUS,AM,Não
8444415791430,"RUA NOVA ESPERANCA, N. SN, ZONA URBANA",CENTRO,"Casa, 0.00 de área total, 77.65 de área privativa, 286.00 de área do terreno,  2 qto(s), WC, 1 sala(s), cozinha, 1 vaga(s) de garagem.",76036.78,167961.48,54.73,Venda Direta Online,,NOVA OLINDA DO NORTE,AM,Não
8444417247843,"ESTRADA CURUPIRA, N. SN, KM 01",AEROLANDIA,"Casa, 77.65 de área total, 77.65 de área privativa, 300.00 de área do terreno,  2 qto(s), WC, 1 sala(s), cozinha, 1 vaga(s) de garagem.",49587.2,92600.0,46.46,Venda Direta Online,,NOVA OLINDA DO NORTE,AM,Não
8555526137420,"ESTRADA DO MACURANY, N. SN, CS 16 QD 17 LT 16",DJARD VIEIRA,"Casa, 0.00 de área total, 40.33 de área privativa, 250.00 de área do terreno,  2 qto(s), varanda, a.serv, WC, 1 sala(s), cozinha.",66779.55,181554.11,63.22,Venda Direta Online,,PARINTINS,AM,Não
8444416064877,"RUA PROJETA, N. 4782,",LADY LAURA,"Casa, 0.00 de área total, 49.85 de área privativa, 88.00 de área do terreno,  2 qto(s), varanda, a.serv, WC, 1 sala(s), cozinha.",47050.77,107971.86,56.43,Venda Direta Online,,PARINTINS,AM,Não
8555508873803,"ESTRADA DO PARINTINSMACURANY, N. SN, CASA 10  LT 10 QD 03",DJARD VIEIRA,"Casa, 0.00 de área total, 40.33 de área privativa, 366.66 de área do terreno,  2 qto(s), varanda, a.serv, WC, 1 sala(s), cozinha, 1 vaga(s) de garagem.",83500.0,83500.0,0.0,Leilão SFI - Edital Único,,PARINTINS,AM,Não
8555509068866,"ESTRADA DO PARINTINSMACURANY, N. 36, CS 11 QD 06",DJARD VIEIRA,"Casa, 0.00 de área total, 40.33 de área privativa, 366.28 de área do terreno,  2 qto(s), varanda, a.serv, WC, 1 sala(s), cozinha, 1 vaga(s) de garagem.",83500.0,83500.0,0.0,Leilão SFI - Edital Único,,PARINTINS,AM,Não
8444415975507,"RUA PAU DARCO, N. 4761, LADY LAURA",DISTRITO INDUSTRIAL,"Casa, 0.00 de área total, 49.85 de área privativa, 88.00 de área do terreno,  2 qto(s), varanda, WC, 1 sala(s), cozinha.",89500.0,89500.0,0.0,Leilão SFI - Edital Único,,PARINTINS,AM,Não
1444419828942,"RUA PRESIDENTE FERNADO COLLOR, N. SN, LT 02B, QD 13",NOVA CANAÃ,"Casa, 0.00 de área total, 63.24 de área privativa, 153.00 de área do terreno,  2 qto(s), a.serv, WC, 1 sala(s), sacada, cozinha.",53623.21,165000.0,67.51,Venda Online,,RIO PRETO DA EVA,AM,Não
8444426228317,"RUA SENADOR FABIO LUCENA, N. 0, LT 16-A, QD 36",LOT EL SHADDAI,"Casa, 63.24 de área total, 63.24 de área privativa, 153.00 de área do terreno,  2 qto(s), varanda, a.serv, WC, 1 sala(s), cozinha.",60202.46,120025.9,49.85,Venda Online,,RIO PRETO DA EVA,AM,Não
8444426382367,"RUA SENADOR FABIO LUCENA, N. 0, QD 36 LT 16C",LOT EL SHADDAI,"Casa, 63.24 de área total, 63.24 de área privativa, 153.00 de área do terreno,  2 qto(s), a.serv, WC, 1 sala(s), cozinha.",84033.11,165000.0,49.08,Venda Direta Online,,RIO PRETO DA EVA,AM,Sim
1444419512252,"RUA SENADOR FABIO LUCENA C/ RUA PRES CASTELLO BRAN, N. 04-C, QD 13",LOT EL SHADDAI,"Casa, 63.24 de área total, 63.24 de área privativa, 153.00 de área do terreno,  2 qto(s), WC, 1 sala(s), cozinha, 1 vaga(s) de garagem.",62239.39,121000.0,48.57,Venda Direta Online,,RIO PRETO DA EVA,AM,Não
1444411590041,"RUA SAO PEDRO, N. 86, 6 APARTAMENTOS E 1 GALPAO",SANTA ROSA,"Comercial, 0.00 de área total, 492.77 de área privativa, 228.00 de área do terreno,  12 qto(s), varanda, WC, 8 sala(s), cozinha.",396409.49,622000.0,36.27,Venda Direta Online,,TEFE,AM,Não
10004400,"TRAVESSA SAO BENTO, N. 35",SANTA LUZIA,"Casa, 0.00 de área total, 216.00 de área privativa, 410.00 de área do terreno,  6 qto(s), a.serv, WC, 2 sala(s), cozinha, 1 vaga(s) de garagem.",350000.0,289000.0,0.0,Leilão SFI - Edital Único,,TEFE,AM,Não
